order_id,reseller_id,order_date,category,order_value,order_status
ORD10000,RS021,2024-04-04,Ethnic Wear,1633.14,Delivered
ORD10001,RS009,2024-04-08,Ethnic Wear,1633.14,Delivered
ORD10002,RS004,2024-04-22,Ethnic Wear,1633.14,Delivered
ORD10003,RS018,2024-04-03,Ethnic Wear,1633.14,Delivered
ORD10004,RS002,2024-04-01,Ethnic Wear,1633.14,Delivered
ORD10005,RS008,2024-04-17,Ethnic Wear,1633.14,Delivered
ORD10006,RS018,2024-04-07,Ethnic Wear,1633.14,Delivered
ORD10007,RS023,2024-04-18,Ethnic Wear,1633.14,Delivered
ORD10008,RS015,2024-04-19,Ethnic Wear,1633.14,Delivered
ORD10009,RS001,2024-04-25,Ethnic Wear,1633.14,Delivered
ORD10010,RS023,2024-04-14,Ethnic Wear,1633.14,Delivered
ORD10011,RS005,2024-04-07,Ethnic Wear,1633.14,Cancelled
ORD10012,RS011,2024-04-04,Ethnic Wear,1633.14,Delivered
ORD10013,RS004,2024-04-12,Ethnic Wear,1633.14,Delivered
ORD10014,RS020,2024-04-09,Ethnic Wear,1633.14,Delivered
ORD10015,RS015,2024-04-18,Ethnic Wear,1633.14,Delivered
ORD10016,RS013,2024-04-03,Ethnic Wear,1633.14,Delivered
ORD10017,RS021,2024-04-20,Ethnic Wear,1633.14,Cancelled
ORD10018,RS012,2024-04-19,Ethnic Wear,1633.14,Delivered
ORD10019,RS003,2024-04-02,Ethnic Wear,1633.14,Delivered
ORD10020,RS010,2024-04-03,Ethnic Wear,1633.14,Delivered
ORD10021,RS004,2024-04-13,Ethnic Wear,1633.14,Delivered
ORD10022,RS021,2024-04-27,Ethnic Wear,1633.14,Delivered
ORD10023,RS012,2024-04-12,Ethnic Wear,1633.14,Delivered
ORD10024,RS009,2024-04-23,Ethnic Wear,1633.14,Cancelled
ORD10025,RS021,2024-04-03,Ethnic Wear,1633.14,Delivered
ORD10026,RS006,2024-04-18,Ethnic Wear,1633.14,Delivered
ORD10027,RS006,2024-04-15,Ethnic Wear,1633.14,Delivered
ORD10028,RS021,2024-04-23,Ethnic Wear,1633.14,Delivered
ORD10029,RS022,2024-04-11,Ethnic Wear,1633.14,Delivered
ORD10030,RS002,2024-04-08,Ethnic Wear,1633.14,Delivered
ORD10031,RS011,2024-04-13,Ethnic Wear,1633.14,Delivered
ORD10032,RS007,2024-04-30,Ethnic Wear,1633.14,Cancelled
ORD10033,RS023,2024-04-11,Ethnic Wear,1633.14,Delivered
ORD10034,RS016,2024-04-13,Ethnic Wear,1633.14,Cancelled
ORD10035,RS021,2024-04-15,Ethnic Wear,1633.14,Delivered
ORD10036,RS005,2024-04-08,Ethnic Wear,1633.14,Delivered
ORD10037,RS018,2024-04-09,Ethnic Wear,1633.14,Delivered
ORD10038,RS014,2024-04-29,Ethnic Wear,1633.14,Delivered
ORD10039,RS012,2024-04-08,Ethnic Wear,1633.14,Returned
ORD10040,RS005,2024-04-17,Ethnic Wear,1633.14,Delivered
ORD10041,RS002,2024-04-28,Ethnic Wear,1633.14,Delivered
ORD10042,RS021,2024-04-06,Ethnic Wear,1633.14,Delivered
ORD10043,RS014,2024-04-20,Ethnic Wear,1633.14,Delivered
ORD10044,RS013,2024-04-20,Ethnic Wear,1633.14,Returned
ORD10045,RS017,2024-04-09,Ethnic Wear,1633.14,Returned
ORD10046,RS001,2024-04-22,Ethnic Wear,1633.14,Delivered
ORD10047,RS022,2024-04-29,Ethnic Wear,1633.14,Delivered
ORD10048,RS009,2024-04-25,Ethnic Wear,1633.14,Delivered
ORD10049,RS004,2024-04-10,Ethnic Wear,1633.14,Delivered
ORD10050,RS015,2024-04-01,Ethnic Wear,1633.14,Cancelled
ORD10051,RS009,2024-04-17,Ethnic Wear,1633.14,Delivered
ORD10052,RS017,2024-04-30,Ethnic Wear,1633.14,Delivered
ORD10053,RS021,2024-04-10,Ethnic Wear,1633.14,Delivered
ORD10054,RS017,2024-04-20,Ethnic Wear,1633.14,Delivered
ORD10055,RS012,2024-04-25,Ethnic Wear,1633.14,Delivered
ORD10056,RS017,2024-04-30,Ethnic Wear,1633.14,Delivered
ORD10057,RS011,2024-04-16,Ethnic Wear,1633.14,Delivered
ORD10058,RS012,2024-04-29,Ethnic Wear,1633.14,Returned
ORD10059,RS010,2024-04-08,Ethnic Wear,1633.14,Delivered
ORD10060,RS019,2024-04-03,Ethnic Wear,1633.14,Delivered
ORD10061,RS016,2024-04-27,Ethnic Wear,1633.14,Delivered
ORD10062,RS018,2024-04-25,Ethnic Wear,1633.14,Delivered
ORD10063,RS022,2024-04-16,Ethnic Wear,1632.95,Cancelled
ORD10064,RS006,2024-04-09,Western Wear,1538.72,Delivered
ORD10065,RS020,2024-04-14,Western Wear,1538.72,Returned
ORD10066,RS018,2024-04-25,Western Wear,1538.72,Delivered
ORD10067,RS007,2024-04-23,Western Wear,1538.72,Delivered
ORD10068,RS022,2024-04-21,Western Wear,1538.72,Delivered
ORD10069,RS017,2024-04-15,Western Wear,1538.72,Delivered
ORD10070,RS008,2024-04-03,Western Wear,1538.72,Delivered
ORD10071,RS019,2024-04-18,Western Wear,1538.72,Delivered
ORD10072,RS008,2024-04-01,Western Wear,1538.72,Delivered
ORD10073,RS021,2024-04-02,Western Wear,1538.72,Delivered
ORD10074,RS002,2024-04-28,Western Wear,1538.72,Delivered
ORD10075,RS017,2024-04-08,Western Wear,1538.72,Delivered
ORD10076,RS016,2024-04-07,Western Wear,1538.72,Delivered
ORD10077,RS019,2024-04-19,Western Wear,1538.72,Delivered
ORD10078,RS016,2024-04-26,Western Wear,1538.72,Delivered
ORD10079,RS004,2024-04-04,Western Wear,1538.72,Delivered
ORD10080,RS012,2024-04-14,Western Wear,1538.72,Delivered
ORD10081,RS002,2024-04-22,Western Wear,1538.72,Delivered
ORD10082,RS021,2024-04-04,Western Wear,1538.72,Delivered
ORD10083,RS011,2024-04-26,Western Wear,1538.72,Delivered
ORD10084,RS008,2024-04-07,Western Wear,1538.72,Delivered
ORD10085,RS015,2024-04-05,Western Wear,1538.72,Delivered
ORD10086,RS009,2024-04-15,Western Wear,1538.72,Delivered
ORD10087,RS003,2024-04-15,Western Wear,1538.72,Delivered
ORD10088,RS018,2024-04-04,Western Wear,1538.72,Delivered
ORD10089,RS018,2024-04-27,Western Wear,1538.72,Delivered
ORD10090,RS003,2024-04-30,Western Wear,1538.72,Delivered
ORD10091,RS008,2024-04-06,Western Wear,1538.72,Delivered
ORD10092,RS016,2024-04-07,Western Wear,1538.72,Delivered
ORD10093,RS002,2024-04-06,Western Wear,1538.72,Delivered
ORD10094,RS013,2024-04-09,Western Wear,1538.72,Cancelled
ORD10095,RS015,2024-04-10,Western Wear,1538.72,Delivered
ORD10096,RS018,2024-04-22,Western Wear,1538.72,Delivered
ORD10097,RS005,2024-04-07,Western Wear,1538.72,Delivered
ORD10098,RS002,2024-04-19,Western Wear,1538.72,Delivered
ORD10099,RS002,2024-04-24,Western Wear,1538.72,Delivered
ORD10100,RS002,2024-04-19,Western Wear,1538.72,Delivered
ORD10101,RS017,2024-04-06,Western Wear,1538.72,Delivered
ORD10102,RS017,2024-04-03,Western Wear,1538.72,Delivered
ORD10103,RS003,2024-04-20,Western Wear,1538.72,Delivered
ORD10104,RS008,2024-04-13,Western Wear,1538.72,Delivered
ORD10105,RS019,2024-04-08,Western Wear,1538.72,Delivered
ORD10106,RS002,2024-04-20,Western Wear,1538.72,Delivered
ORD10107,RS022,2024-04-19,Western Wear,1538.72,Delivered
ORD10108,RS011,2024-04-30,Western Wear,1538.72,Delivered
ORD10109,RS022,2024-04-23,Western Wear,1538.72,Delivered
ORD10110,RS009,2024-04-13,Western Wear,1538.72,Delivered
ORD10111,RS021,2024-04-10,Western Wear,1538.72,Delivered
ORD10112,RS003,2024-04-01,Western Wear,1538.72,Delivered
ORD10113,RS019,2024-04-04,Western Wear,1538.72,Delivered
ORD10114,RS007,2024-04-17,Western Wear,1538.72,Delivered
ORD10115,RS012,2024-04-29,Western Wear,1538.72,Delivered
ORD10116,RS008,2024-04-12,Western Wear,1538.72,Delivered
ORD10117,RS015,2024-04-27,Western Wear,1538.72,Delivered
ORD10118,RS010,2024-04-20,Western Wear,1538.72,Returned
ORD10119,RS021,2024-04-17,Western Wear,1538.72,Delivered
ORD10120,RS018,2024-04-10,Western Wear,1538.72,Cancelled
ORD10121,RS004,2024-04-29,Western Wear,1538.72,Delivered
ORD10122,RS004,2024-04-29,Western Wear,1538.72,Delivered
ORD10123,RS018,2024-04-05,Western Wear,1538.72,Delivered
ORD10124,RS020,2024-04-07,Western Wear,1538.72,Delivered
ORD10125,RS007,2024-04-22,Western Wear,1538.58,Delivered
ORD10126,RS009,2024-04-17,Kids Wear,1348.28,Delivered
ORD10127,RS002,2024-04-03,Kids Wear,1348.28,Delivered
ORD10128,RS009,2024-04-02,Kids Wear,1348.28,Delivered
ORD10129,RS005,2024-04-21,Kids Wear,1348.28,Returned
ORD10130,RS006,2024-04-24,Kids Wear,1348.28,Delivered
ORD10131,RS023,2024-04-14,Kids Wear,1348.28,Delivered
ORD10132,RS004,2024-04-03,Kids Wear,1348.28,Cancelled
ORD10133,RS023,2024-04-29,Kids Wear,1348.28,Delivered
ORD10134,RS002,2024-04-27,Kids Wear,1348.28,Delivered
ORD10135,RS018,2024-04-05,Kids Wear,1348.28,Delivered
ORD10136,RS002,2024-04-10,Kids Wear,1348.28,Delivered
ORD10137,RS002,2024-04-29,Kids Wear,1348.28,Delivered
ORD10138,RS022,2024-04-08,Kids Wear,1348.28,Delivered
ORD10139,RS012,2024-04-25,Kids Wear,1348.28,Delivered
ORD10140,RS014,2024-04-20,Kids Wear,1348.28,Delivered
ORD10141,RS008,2024-04-28,Kids Wear,1348.28,Delivered
ORD10142,RS006,2024-04-29,Kids Wear,1348.28,Delivered
ORD10143,RS006,2024-04-24,Kids Wear,1348.28,Cancelled
ORD10144,RS014,2024-04-26,Kids Wear,1348.28,Delivered
ORD10145,RS008,2024-04-09,Kids Wear,1348.28,Delivered
ORD10146,RS023,2024-04-04,Kids Wear,1348.28,Delivered
ORD10147,RS002,2024-04-28,Kids Wear,1348.28,Delivered
ORD10148,RS007,2024-04-27,Kids Wear,1348.28,Cancelled
ORD10149,RS012,2024-04-10,Kids Wear,1348.28,Delivered
ORD10150,RS008,2024-04-08,Kids Wear,1348.28,Delivered
ORD10151,RS007,2024-04-13,Kids Wear,1348.28,Delivered
ORD10152,RS003,2024-04-25,Kids Wear,1348.28,Delivered
ORD10153,RS021,2024-04-17,Kids Wear,1348.28,Delivered
ORD10154,RS018,2024-04-11,Kids Wear,1348.28,Cancelled
ORD10155,RS004,2024-04-29,Kids Wear,1348.28,Returned
ORD10156,RS006,2024-04-19,Kids Wear,1348.28,Returned
ORD10157,RS009,2024-04-02,Kids Wear,1348.28,Delivered
ORD10158,RS014,2024-04-12,Kids Wear,1348.28,Delivered
ORD10159,RS011,2024-04-14,Kids Wear,1348.28,Delivered
ORD10160,RS017,2024-04-04,Kids Wear,1348.28,Delivered
ORD10161,RS019,2024-04-07,Kids Wear,1348.28,Delivered
ORD10162,RS023,2024-04-14,Kids Wear,1348.28,Delivered
ORD10163,RS018,2024-04-22,Kids Wear,1348.28,Delivered
ORD10164,RS022,2024-04-07,Kids Wear,1348.28,Delivered
ORD10165,RS003,2024-04-22,Kids Wear,1348.28,Cancelled
ORD10166,RS020,2024-04-11,Kids Wear,1348.28,Delivered
ORD10167,RS004,2024-04-24,Kids Wear,1348.28,Cancelled
ORD10168,RS017,2024-04-10,Kids Wear,1348.28,Delivered
ORD10169,RS011,2024-04-13,Kids Wear,1348.28,Delivered
ORD10170,RS018,2024-04-05,Kids Wear,1348.28,Delivered
ORD10171,RS022,2024-04-13,Kids Wear,1348.28,Delivered
ORD10172,RS006,2024-04-20,Kids Wear,1348.28,Delivered
ORD10173,RS013,2024-04-18,Kids Wear,1348.28,Delivered
ORD10174,RS010,2024-04-10,Kids Wear,1348.28,Delivered
ORD10175,RS019,2024-04-20,Kids Wear,1348.28,Delivered
ORD10176,RS015,2024-04-15,Kids Wear,1348.28,Delivered
ORD10177,RS007,2024-04-17,Kids Wear,1348.28,Delivered
ORD10178,RS006,2024-04-22,Kids Wear,1348.28,Delivered
ORD10179,RS017,2024-04-22,Kids Wear,1348.28,Delivered
ORD10180,RS011,2024-04-03,Kids Wear,1348.28,Delivered
ORD10181,RS008,2024-04-22,Kids Wear,1348.28,Delivered
ORD10182,RS007,2024-04-05,Kids Wear,1348.28,Delivered
ORD10183,RS008,2024-04-16,Kids Wear,1348.34,Delivered
ORD10184,RS003,2024-04-15,Beauty & Personal Care,930.36,Delivered
ORD10185,RS021,2024-04-19,Beauty & Personal Care,930.36,Delivered
ORD10186,RS023,2024-04-13,Beauty & Personal Care,930.36,Delivered
ORD10187,RS008,2024-04-05,Beauty & Personal Care,930.36,Delivered
ORD10188,RS001,2024-04-29,Beauty & Personal Care,930.36,Delivered
ORD10189,RS004,2024-04-25,Beauty & Personal Care,930.36,Delivered
ORD10190,RS006,2024-04-26,Beauty & Personal Care,930.36,Cancelled
ORD10191,RS017,2024-04-15,Beauty & Personal Care,930.36,Delivered
ORD10192,RS008,2024-04-30,Beauty & Personal Care,930.36,Delivered
ORD10193,RS015,2024-04-05,Beauty & Personal Care,930.36,Delivered
ORD10194,RS022,2024-04-17,Beauty & Personal Care,930.36,Returned
ORD10195,RS020,2024-04-11,Beauty & Personal Care,930.36,Cancelled
ORD10196,RS015,2024-04-20,Beauty & Personal Care,930.36,Delivered
ORD10197,RS017,2024-04-14,Beauty & Personal Care,930.36,Delivered
ORD10198,RS018,2024-04-15,Beauty & Personal Care,930.36,Cancelled
ORD10199,RS016,2024-04-15,Beauty & Personal Care,930.36,Delivered
ORD10200,RS008,2024-04-27,Beauty & Personal Care,930.36,Delivered
ORD10201,RS017,2024-04-16,Beauty & Personal Care,930.36,Delivered
ORD10202,RS009,2024-04-15,Beauty & Personal Care,930.36,Delivered
ORD10203,RS010,2024-04-08,Beauty & Personal Care,930.36,Delivered
ORD10204,RS011,2024-04-29,Beauty & Personal Care,930.36,Delivered
ORD10205,RS005,2024-04-05,Beauty & Personal Care,930.36,Delivered
ORD10206,RS023,2024-04-05,Beauty & Personal Care,930.36,Delivered
ORD10207,RS003,2024-04-14,Beauty & Personal Care,930.36,Delivered
ORD10208,RS018,2024-04-15,Beauty & Personal Care,930.36,Delivered
ORD10209,RS007,2024-04-27,Beauty & Personal Care,930.36,Delivered
ORD10210,RS019,2024-04-23,Beauty & Personal Care,930.36,Delivered
ORD10211,RS019,2024-04-13,Beauty & Personal Care,930.36,Delivered
ORD10212,RS012,2024-04-10,Beauty & Personal Care,930.36,Delivered
ORD10213,RS014,2024-04-18,Beauty & Personal Care,930.36,Delivered
ORD10214,RS018,2024-04-26,Beauty & Personal Care,930.36,Delivered
ORD10215,RS008,2024-04-16,Beauty & Personal Care,930.36,Delivered
ORD10216,RS014,2024-04-16,Beauty & Personal Care,930.36,Delivered
ORD10217,RS011,2024-04-22,Beauty & Personal Care,930.36,Delivered
ORD10218,RS013,2024-04-24,Beauty & Personal Care,930.36,Delivered
ORD10219,RS015,2024-04-30,Beauty & Personal Care,930.36,Delivered
ORD10220,RS020,2024-04-18,Beauty & Personal Care,930.36,Delivered
ORD10221,RS013,2024-04-19,Beauty & Personal Care,930.36,Delivered
ORD10222,RS001,2024-04-03,Beauty & Personal Care,930.36,Delivered
ORD10223,RS005,2024-04-28,Beauty & Personal Care,930.36,Delivered
ORD10224,RS002,2024-04-09,Beauty & Personal Care,930.36,Delivered
ORD10225,RS007,2024-04-15,Beauty & Personal Care,930.36,Delivered
ORD10226,RS013,2024-04-09,Beauty & Personal Care,930.36,Delivered
ORD10227,RS014,2024-04-09,Beauty & Personal Care,930.36,Delivered
ORD10228,RS016,2024-04-01,Beauty & Personal Care,930.36,Delivered
ORD10229,RS002,2024-04-12,Beauty & Personal Care,930.36,Delivered
ORD10230,RS003,2024-04-25,Beauty & Personal Care,930.36,Cancelled
ORD10231,RS002,2024-04-25,Beauty & Personal Care,930.36,Delivered
ORD10232,RS008,2024-04-07,Beauty & Personal Care,930.36,Delivered
ORD10233,RS020,2024-04-05,Beauty & Personal Care,930.36,Delivered
ORD10234,RS016,2024-04-22,Beauty & Personal Care,930.36,Delivered
ORD10235,RS007,2024-04-15,Beauty & Personal Care,930.36,Delivered
ORD10236,RS012,2024-04-06,Beauty & Personal Care,930.36,Delivered
ORD10237,RS023,2024-04-04,Beauty & Personal Care,930.36,Delivered
ORD10238,RS006,2024-04-10,Beauty & Personal Care,930.36,Delivered
ORD10239,RS001,2024-04-30,Beauty & Personal Care,930.4,Delivered
ORD10240,RS022,2024-04-30,Home & Kitchen,1141.67,Cancelled
ORD10241,RS013,2024-04-23,Home & Kitchen,1141.67,Delivered
ORD10242,RS019,2024-04-23,Home & Kitchen,1141.67,Delivered
ORD10243,RS008,2024-04-04,Home & Kitchen,1141.67,Delivered
ORD10244,RS010,2024-04-28,Home & Kitchen,1141.67,Delivered
ORD10245,RS004,2024-04-26,Home & Kitchen,1141.67,Returned
ORD10246,RS002,2024-04-12,Home & Kitchen,1141.67,Delivered
ORD10247,RS022,2024-04-12,Home & Kitchen,1141.67,Delivered
ORD10248,RS021,2024-04-11,Home & Kitchen,1141.67,Delivered
ORD10249,RS014,2024-04-27,Home & Kitchen,1141.67,Delivered
ORD10250,RS014,2024-04-12,Home & Kitchen,1141.67,Delivered
ORD10251,RS015,2024-04-23,Home & Kitchen,1141.67,Delivered
ORD10252,RS006,2024-04-24,Home & Kitchen,1141.67,Delivered
ORD10253,RS021,2024-04-09,Home & Kitchen,1141.67,Delivered
ORD10254,RS018,2024-04-25,Home & Kitchen,1141.67,Delivered
ORD10255,RS014,2024-04-27,Home & Kitchen,1141.67,Delivered
ORD10256,RS009,2024-04-11,Home & Kitchen,1141.67,Delivered
ORD10257,RS003,2024-04-09,Home & Kitchen,1141.67,Cancelled
ORD10258,RS008,2024-04-25,Home & Kitchen,1141.67,Delivered
ORD10259,RS020,2024-04-22,Home & Kitchen,1141.67,Delivered
ORD10260,RS001,2024-04-16,Home & Kitchen,1141.67,Delivered
ORD10261,RS006,2024-04-16,Home & Kitchen,1141.67,Delivered
ORD10262,RS009,2024-04-11,Home & Kitchen,1141.67,Delivered
ORD10263,RS020,2024-04-23,Home & Kitchen,1141.67,Cancelled
ORD10264,RS018,2024-04-01,Home & Kitchen,1141.67,Delivered
ORD10265,RS007,2024-04-03,Home & Kitchen,1141.67,Delivered
ORD10266,RS014,2024-04-16,Home & Kitchen,1141.67,Delivered
ORD10267,RS008,2024-04-23,Home & Kitchen,1141.67,Delivered
ORD10268,RS023,2024-04-16,Home & Kitchen,1141.67,Delivered
ORD10269,RS001,2024-04-03,Home & Kitchen,1141.67,Delivered
ORD10270,RS013,2024-04-23,Home & Kitchen,1141.67,Delivered
ORD10271,RS022,2024-04-19,Home & Kitchen,1141.67,Delivered
ORD10272,RS018,2024-04-17,Home & Kitchen,1141.67,Delivered
ORD10273,RS018,2024-04-11,Home & Kitchen,1141.67,Delivered
ORD10274,RS015,2024-04-09,Home & Kitchen,1141.67,Delivered
ORD10275,RS008,2024-04-04,Home & Kitchen,1141.67,Delivered
ORD10276,RS011,2024-04-04,Home & Kitchen,1141.67,Delivered
ORD10277,RS023,2024-04-06,Home & Kitchen,1141.67,Delivered
ORD10278,RS016,2024-04-09,Home & Kitchen,1141.67,Delivered
ORD10279,RS017,2024-04-20,Home & Kitchen,1141.67,Delivered
ORD10280,RS004,2024-04-27,Home & Kitchen,1141.67,Delivered
ORD10281,RS008,2024-04-12,Home & Kitchen,1141.67,Delivered
ORD10282,RS001,2024-04-23,Home & Kitchen,1141.67,Delivered
ORD10283,RS009,2024-04-02,Home & Kitchen,1141.67,Returned
ORD10284,RS018,2024-04-10,Home & Kitchen,1141.67,Delivered
ORD10285,RS005,2024-04-21,Home & Kitchen,1141.67,Delivered
ORD10286,RS016,2024-04-04,Home & Kitchen,1141.67,Delivered
ORD10287,RS019,2024-04-10,Home & Kitchen,1141.67,Delivered
ORD10288,RS015,2024-04-11,Home & Kitchen,1141.67,Delivered
ORD10289,RS002,2024-04-09,Home & Kitchen,1141.67,Cancelled
ORD10290,RS016,2024-04-04,Home & Kitchen,1141.67,Delivered
ORD10291,RS013,2024-04-16,Home & Kitchen,1141.67,Delivered
ORD10292,RS021,2024-04-22,Home & Kitchen,1141.67,Delivered
ORD10293,RS005,2024-04-26,Home & Kitchen,1141.67,Delivered
ORD10294,RS010,2024-04-03,Home & Kitchen,1141.67,Returned
ORD10295,RS004,2024-04-18,Home & Kitchen,1141.67,Delivered
ORD10296,RS020,2024-04-20,Home & Kitchen,1141.67,Delivered
ORD10297,RS008,2024-04-25,Home & Kitchen,1141.67,Delivered
ORD10298,RS015,2024-04-30,Home & Kitchen,1141.67,Delivered
ORD10299,RS019,2024-04-14,Home & Kitchen,1141.87,Delivered
ORD10300,RS020,2024-05-02,Ethnic Wear,1948.5,Delivered
ORD10301,RS004,2024-05-31,Ethnic Wear,1948.5,Delivered
ORD10302,RS021,2024-05-07,Ethnic Wear,1948.5,Delivered
ORD10303,RS003,2024-05-06,Ethnic Wear,1948.5,Delivered
ORD10304,RS018,2024-05-03,Ethnic Wear,1948.5,Delivered
ORD10305,RS014,2024-05-15,Ethnic Wear,1948.5,Delivered
ORD10306,RS016,2024-05-10,Ethnic Wear,1948.5,Delivered
ORD10307,RS010,2024-05-23,Ethnic Wear,1948.5,Delivered
ORD10308,RS015,2024-05-03,Ethnic Wear,1948.5,Delivered
ORD10309,RS009,2024-05-26,Ethnic Wear,1948.5,Delivered
ORD10310,RS019,2024-05-22,Ethnic Wear,1948.5,Delivered
ORD10311,RS007,2024-05-14,Ethnic Wear,1948.5,Delivered
ORD10312,RS008,2024-05-21,Ethnic Wear,1948.5,Delivered
ORD10313,RS009,2024-05-27,Ethnic Wear,1948.5,Delivered
ORD10314,RS002,2024-05-06,Ethnic Wear,1948.5,Delivered
ORD10315,RS020,2024-05-24,Ethnic Wear,1948.5,Delivered
ORD10316,RS010,2024-05-15,Ethnic Wear,1948.5,Delivered
ORD10317,RS023,2024-05-10,Ethnic Wear,1948.5,Delivered
ORD10318,RS009,2024-05-17,Ethnic Wear,1948.5,Delivered
ORD10319,RS015,2024-05-03,Ethnic Wear,1948.5,Delivered
ORD10320,RS014,2024-05-24,Ethnic Wear,1948.5,Delivered
ORD10321,RS009,2024-05-01,Ethnic Wear,1948.5,Delivered
ORD10322,RS022,2024-05-27,Ethnic Wear,1948.5,Delivered
ORD10323,RS019,2024-05-31,Ethnic Wear,1948.5,Delivered
ORD10324,RS022,2024-05-27,Ethnic Wear,1948.5,Delivered
ORD10325,RS002,2024-05-25,Ethnic Wear,1948.5,Delivered
ORD10326,RS016,2024-05-17,Ethnic Wear,1948.5,Delivered
ORD10327,RS009,2024-05-06,Ethnic Wear,1948.5,Returned
ORD10328,RS014,2024-05-21,Ethnic Wear,1948.5,Delivered
ORD10329,RS003,2024-05-16,Ethnic Wear,1948.5,Delivered
ORD10330,RS011,2024-05-11,Ethnic Wear,1948.5,Delivered
ORD10331,RS006,2024-05-11,Ethnic Wear,1948.5,Delivered
ORD10332,RS016,2024-05-10,Ethnic Wear,1948.5,Delivered
ORD10333,RS013,2024-05-27,Ethnic Wear,1948.5,Delivered
ORD10334,RS002,2024-05-15,Ethnic Wear,1948.5,Delivered
ORD10335,RS009,2024-05-11,Ethnic Wear,1948.5,Delivered
ORD10336,RS013,2024-05-28,Ethnic Wear,1948.5,Delivered
ORD10337,RS001,2024-05-22,Ethnic Wear,1948.5,Delivered
ORD10338,RS015,2024-05-14,Ethnic Wear,1948.5,Delivered
ORD10339,RS017,2024-05-12,Ethnic Wear,1948.5,Delivered
ORD10340,RS016,2024-05-21,Ethnic Wear,1948.5,Delivered
ORD10341,RS002,2024-05-07,Ethnic Wear,1948.5,Delivered
ORD10342,RS005,2024-05-30,Ethnic Wear,1948.5,Delivered
ORD10343,RS023,2024-05-16,Ethnic Wear,1948.5,Delivered
ORD10344,RS021,2024-05-20,Ethnic Wear,1948.5,Delivered
ORD10345,RS023,2024-05-06,Ethnic Wear,1948.5,Delivered
ORD10346,RS001,2024-05-18,Ethnic Wear,1948.5,Delivered
ORD10347,RS008,2024-05-27,Ethnic Wear,1948.5,Cancelled
ORD10348,RS015,2024-05-31,Ethnic Wear,1948.5,Delivered
ORD10349,RS005,2024-05-16,Ethnic Wear,1948.5,Cancelled
ORD10350,RS010,2024-05-17,Ethnic Wear,1948.5,Delivered
ORD10351,RS014,2024-05-27,Ethnic Wear,1948.5,Delivered
ORD10352,RS016,2024-05-08,Ethnic Wear,1948.5,Delivered
ORD10353,RS005,2024-05-13,Ethnic Wear,1948.5,Delivered
ORD10354,RS020,2024-05-17,Ethnic Wear,1948.5,Delivered
ORD10355,RS005,2024-05-28,Ethnic Wear,1948.5,Delivered
ORD10356,RS014,2024-05-11,Ethnic Wear,1948.5,Cancelled
ORD10357,RS017,2024-05-09,Ethnic Wear,1948.5,Delivered
ORD10358,RS010,2024-05-24,Ethnic Wear,1948.5,Delivered
ORD10359,RS019,2024-05-19,Ethnic Wear,1948.5,Returned
ORD10360,RS016,2024-05-28,Ethnic Wear,1948.5,Delivered
ORD10361,RS018,2024-05-16,Ethnic Wear,1948.5,Delivered
ORD10362,RS018,2024-05-25,Ethnic Wear,1948.5,Delivered
ORD10363,RS015,2024-05-30,Ethnic Wear,1948.5,Delivered
ORD10364,RS007,2024-05-23,Ethnic Wear,1948.5,Delivered
ORD10365,RS013,2024-05-08,Ethnic Wear,1948.5,Delivered
ORD10366,RS014,2024-05-02,Ethnic Wear,1948.5,Delivered
ORD10367,RS016,2024-05-23,Ethnic Wear,1948.5,Cancelled
ORD10368,RS013,2024-05-13,Ethnic Wear,1948.5,Returned
ORD10369,RS021,2024-05-05,Ethnic Wear,1948.5,Delivered
ORD10370,RS002,2024-05-05,Ethnic Wear,1948.5,Delivered
ORD10371,RS019,2024-05-11,Ethnic Wear,1948.5,Delivered
ORD10372,RS015,2024-05-04,Ethnic Wear,1948.5,Delivered
ORD10373,RS015,2024-05-01,Ethnic Wear,1948.5,Delivered
ORD10374,RS014,2024-05-28,Ethnic Wear,1948.5,Delivered
ORD10375,RS005,2024-05-03,Ethnic Wear,1948.5,Delivered
ORD10376,RS009,2024-05-11,Ethnic Wear,1948.5,Delivered
ORD10377,RS013,2024-05-21,Ethnic Wear,1948.5,Delivered
ORD10378,RS011,2024-05-28,Ethnic Wear,1948.5,Delivered
ORD10379,RS018,2024-05-13,Ethnic Wear,1948.5,Cancelled
ORD10380,RS021,2024-05-23,Ethnic Wear,1948.5,Cancelled
ORD10381,RS016,2024-05-28,Ethnic Wear,1948.5,Delivered
ORD10382,RS020,2024-05-03,Ethnic Wear,1948.5,Delivered
ORD10383,RS022,2024-05-30,Ethnic Wear,1948.5,Delivered
ORD10384,RS008,2024-05-24,Ethnic Wear,1948.5,Delivered
ORD10385,RS004,2024-05-25,Ethnic Wear,1948.5,Delivered
ORD10386,RS004,2024-05-15,Ethnic Wear,1948.5,Delivered
ORD10387,RS010,2024-05-29,Ethnic Wear,1948.5,Delivered
ORD10388,RS011,2024-05-26,Ethnic Wear,1948.5,Delivered
ORD10389,RS012,2024-05-12,Ethnic Wear,1948.5,Delivered
ORD10390,RS008,2024-05-17,Ethnic Wear,1948.5,Delivered
ORD10391,RS022,2024-05-26,Ethnic Wear,1948.5,Delivered
ORD10392,RS006,2024-05-03,Ethnic Wear,1948.5,Delivered
ORD10393,RS013,2024-05-20,Ethnic Wear,1948.5,Delivered
ORD10394,RS016,2024-05-30,Ethnic Wear,1948.61,Delivered
ORD10395,RS008,2024-05-15,Western Wear,1457.72,Delivered
ORD10396,RS015,2024-05-09,Western Wear,1457.72,Delivered
ORD10397,RS015,2024-05-29,Western Wear,1457.72,Delivered
ORD10398,RS018,2024-05-06,Western Wear,1457.72,Delivered
ORD10399,RS012,2024-05-19,Western Wear,1457.72,Delivered
ORD10400,RS014,2024-05-23,Western Wear,1457.72,Delivered
ORD10401,RS010,2024-05-07,Western Wear,1457.72,Returned
ORD10402,RS016,2024-05-04,Western Wear,1457.72,Delivered
ORD10403,RS019,2024-05-12,Western Wear,1457.72,Delivered
ORD10404,RS023,2024-05-10,Western Wear,1457.72,Delivered
ORD10405,RS022,2024-05-13,Western Wear,1457.72,Delivered
ORD10406,RS019,2024-05-28,Western Wear,1457.72,Delivered
ORD10407,RS002,2024-05-30,Western Wear,1457.72,Delivered
ORD10408,RS016,2024-05-27,Western Wear,1457.72,Cancelled
ORD10409,RS010,2024-05-25,Western Wear,1457.72,Delivered
ORD10410,RS020,2024-05-26,Western Wear,1457.72,Delivered
ORD10411,RS021,2024-05-07,Western Wear,1457.72,Delivered
ORD10412,RS022,2024-05-25,Western Wear,1457.72,Delivered
ORD10413,RS022,2024-05-22,Western Wear,1457.72,Delivered
ORD10414,RS021,2024-05-04,Western Wear,1457.72,Cancelled
ORD10415,RS021,2024-05-02,Western Wear,1457.72,Delivered
ORD10416,RS015,2024-05-02,Western Wear,1457.72,Delivered
ORD10417,RS005,2024-05-03,Western Wear,1457.72,Cancelled
ORD10418,RS011,2024-05-24,Western Wear,1457.72,Delivered
ORD10419,RS007,2024-05-05,Western Wear,1457.72,Delivered
ORD10420,RS012,2024-05-17,Western Wear,1457.72,Delivered
ORD10421,RS009,2024-05-27,Western Wear,1457.72,Delivered
ORD10422,RS016,2024-05-31,Western Wear,1457.72,Delivered
ORD10423,RS011,2024-05-26,Western Wear,1457.72,Delivered
ORD10424,RS003,2024-05-05,Western Wear,1457.72,Delivered
ORD10425,RS008,2024-05-28,Western Wear,1457.72,Delivered
ORD10426,RS022,2024-05-13,Western Wear,1457.72,Returned
ORD10427,RS018,2024-05-12,Western Wear,1457.72,Delivered
ORD10428,RS013,2024-05-01,Western Wear,1457.72,Delivered
ORD10429,RS004,2024-05-15,Western Wear,1457.72,Delivered
ORD10430,RS022,2024-05-09,Western Wear,1457.72,Delivered
ORD10431,RS021,2024-05-31,Western Wear,1457.72,Delivered
ORD10432,RS022,2024-05-08,Western Wear,1457.72,Delivered
ORD10433,RS020,2024-05-29,Western Wear,1457.72,Cancelled
ORD10434,RS011,2024-05-30,Western Wear,1457.72,Delivered
ORD10435,RS021,2024-05-03,Western Wear,1457.72,Delivered
ORD10436,RS015,2024-05-30,Western Wear,1457.72,Delivered
ORD10437,RS021,2024-05-14,Western Wear,1457.72,Delivered
ORD10438,RS002,2024-05-31,Western Wear,1457.72,Delivered
ORD10439,RS016,2024-05-04,Western Wear,1457.72,Delivered
ORD10440,RS018,2024-05-05,Western Wear,1457.72,Delivered
ORD10441,RS012,2024-05-22,Western Wear,1457.72,Cancelled
ORD10442,RS023,2024-05-31,Western Wear,1457.72,Delivered
ORD10443,RS019,2024-05-24,Western Wear,1457.72,Delivered
ORD10444,RS014,2024-05-21,Western Wear,1457.72,Delivered
ORD10445,RS016,2024-05-20,Kids Wear,1300.85,Delivered
ORD10446,RS009,2024-05-02,Kids Wear,1300.85,Delivered
ORD10447,RS007,2024-05-15,Kids Wear,1300.85,Delivered
ORD10448,RS008,2024-05-28,Kids Wear,1300.85,Delivered
ORD10449,RS022,2024-05-12,Kids Wear,1300.85,Delivered
ORD10450,RS021,2024-05-12,Kids Wear,1300.85,Delivered
ORD10451,RS009,2024-05-07,Kids Wear,1300.85,Returned
ORD10452,RS015,2024-05-03,Kids Wear,1300.85,Delivered
ORD10453,RS021,2024-05-21,Kids Wear,1300.85,Delivered
ORD10454,RS001,2024-05-02,Kids Wear,1300.85,Delivered
ORD10455,RS008,2024-05-05,Kids Wear,1300.85,Delivered
ORD10456,RS007,2024-05-03,Kids Wear,1300.85,Delivered
ORD10457,RS018,2024-05-07,Kids Wear,1300.85,Delivered
ORD10458,RS008,2024-05-11,Kids Wear,1300.85,Delivered
ORD10459,RS020,2024-05-01,Kids Wear,1300.85,Delivered
ORD10460,RS005,2024-05-05,Kids Wear,1300.85,Delivered
ORD10461,RS006,2024-05-04,Kids Wear,1300.85,Delivered
ORD10462,RS001,2024-05-05,Kids Wear,1300.85,Delivered
ORD10463,RS008,2024-05-19,Kids Wear,1300.85,Delivered
ORD10464,RS006,2024-05-09,Kids Wear,1300.85,Delivered
ORD10465,RS014,2024-05-17,Kids Wear,1300.85,Delivered
ORD10466,RS003,2024-05-16,Kids Wear,1300.85,Delivered
ORD10467,RS012,2024-05-17,Kids Wear,1300.85,Delivered
ORD10468,RS015,2024-05-17,Kids Wear,1300.85,Delivered
ORD10469,RS020,2024-05-02,Kids Wear,1300.85,Delivered
ORD10470,RS022,2024-05-17,Kids Wear,1300.85,Delivered
ORD10471,RS021,2024-05-31,Kids Wear,1300.85,Delivered
ORD10472,RS016,2024-05-28,Kids Wear,1300.85,Delivered
ORD10473,RS022,2024-05-04,Kids Wear,1300.85,Delivered
ORD10474,RS015,2024-05-03,Kids Wear,1300.85,Cancelled
ORD10475,RS011,2024-05-20,Kids Wear,1300.85,Delivered
ORD10476,RS005,2024-05-09,Kids Wear,1300.85,Delivered
ORD10477,RS019,2024-05-18,Kids Wear,1300.85,Delivered
ORD10478,RS013,2024-05-20,Kids Wear,1300.85,Delivered
ORD10479,RS015,2024-05-17,Kids Wear,1300.85,Delivered
ORD10480,RS004,2024-05-26,Kids Wear,1300.85,Delivered
ORD10481,RS021,2024-05-21,Kids Wear,1300.85,Delivered
ORD10482,RS018,2024-05-24,Kids Wear,1300.85,Delivered
ORD10483,RS014,2024-05-15,Kids Wear,1300.85,Cancelled
ORD10484,RS014,2024-05-11,Kids Wear,1300.85,Delivered
ORD10485,RS013,2024-05-14,Kids Wear,1300.85,Delivered
ORD10486,RS011,2024-05-14,Kids Wear,1300.85,Delivered
ORD10487,RS009,2024-05-12,Kids Wear,1300.85,Cancelled
ORD10488,RS022,2024-05-30,Kids Wear,1300.85,Delivered
ORD10489,RS003,2024-05-27,Kids Wear,1300.85,Delivered
ORD10490,RS014,2024-05-04,Kids Wear,1300.75,Delivered
ORD10491,RS012,2024-05-26,Beauty & Personal Care,683.54,Delivered
ORD10492,RS002,2024-05-19,Beauty & Personal Care,683.54,Cancelled
ORD10493,RS018,2024-05-11,Beauty & Personal Care,683.54,Delivered
ORD10494,RS014,2024-05-12,Beauty & Personal Care,683.54,Delivered
ORD10495,RS014,2024-05-28,Beauty & Personal Care,683.54,Cancelled
ORD10496,RS002,2024-05-31,Beauty & Personal Care,683.54,Delivered
ORD10497,RS010,2024-05-12,Beauty & Personal Care,683.54,Delivered
ORD10498,RS017,2024-05-07,Beauty & Personal Care,683.54,Delivered
ORD10499,RS016,2024-05-08,Beauty & Personal Care,683.54,Delivered
ORD10500,RS012,2024-05-28,Beauty & Personal Care,683.54,Delivered
ORD10501,RS004,2024-05-25,Beauty & Personal Care,683.54,Delivered
ORD10502,RS008,2024-05-26,Beauty & Personal Care,683.54,Delivered
ORD10503,RS018,2024-05-25,Beauty & Personal Care,683.54,Delivered
ORD10504,RS020,2024-05-22,Beauty & Personal Care,683.54,Delivered
ORD10505,RS001,2024-05-20,Beauty & Personal Care,683.54,Cancelled
ORD10506,RS023,2024-05-09,Beauty & Personal Care,683.54,Delivered
ORD10507,RS009,2024-05-23,Beauty & Personal Care,683.54,Delivered
ORD10508,RS011,2024-05-12,Beauty & Personal Care,683.54,Delivered
ORD10509,RS005,2024-05-19,Beauty & Personal Care,683.54,Delivered
ORD10510,RS003,2024-05-05,Beauty & Personal Care,683.54,Delivered
ORD10511,RS001,2024-05-03,Beauty & Personal Care,683.54,Delivered
ORD10512,RS007,2024-05-13,Beauty & Personal Care,683.54,Delivered
ORD10513,RS011,2024-05-06,Beauty & Personal Care,683.54,Delivered
ORD10514,RS011,2024-05-25,Beauty & Personal Care,683.54,Cancelled
ORD10515,RS020,2024-05-03,Beauty & Personal Care,683.54,Cancelled
ORD10516,RS005,2024-05-06,Beauty & Personal Care,683.54,Delivered
ORD10517,RS002,2024-05-22,Beauty & Personal Care,683.54,Delivered
ORD10518,RS015,2024-05-22,Beauty & Personal Care,683.54,Delivered
ORD10519,RS020,2024-05-15,Beauty & Personal Care,683.54,Delivered
ORD10520,RS007,2024-05-25,Beauty & Personal Care,683.54,Delivered
ORD10521,RS012,2024-05-14,Beauty & Personal Care,683.54,Delivered
ORD10522,RS022,2024-05-22,Beauty & Personal Care,683.54,Delivered
ORD10523,RS017,2024-05-22,Beauty & Personal Care,683.54,Delivered
ORD10524,RS008,2024-05-13,Beauty & Personal Care,683.54,Returned
ORD10525,RS002,2024-05-01,Beauty & Personal Care,683.54,Delivered
ORD10526,RS007,2024-05-25,Beauty & Personal Care,683.54,Delivered
ORD10527,RS009,2024-05-10,Beauty & Personal Care,683.54,Delivered
ORD10528,RS001,2024-05-16,Beauty & Personal Care,683.54,Delivered
ORD10529,RS006,2024-05-05,Beauty & Personal Care,683.54,Delivered
ORD10530,RS023,2024-05-08,Beauty & Personal Care,683.54,Delivered
ORD10531,RS022,2024-05-26,Beauty & Personal Care,683.54,Delivered
ORD10532,RS013,2024-05-28,Beauty & Personal Care,683.54,Delivered
ORD10533,RS014,2024-05-01,Beauty & Personal Care,683.54,Delivered
ORD10534,RS003,2024-05-28,Beauty & Personal Care,683.54,Delivered
ORD10535,RS014,2024-05-19,Beauty & Personal Care,683.54,Delivered
ORD10536,RS021,2024-05-14,Beauty & Personal Care,683.54,Delivered
ORD10537,RS013,2024-05-01,Beauty & Personal Care,683.54,Returned
ORD10538,RS006,2024-05-26,Beauty & Personal Care,683.54,Cancelled
ORD10539,RS015,2024-05-27,Beauty & Personal Care,683.54,Delivered
ORD10540,RS012,2024-05-03,Beauty & Personal Care,683.54,Delivered
ORD10541,RS004,2024-05-08,Beauty & Personal Care,683.54,Delivered
ORD10542,RS013,2024-05-17,Beauty & Personal Care,683.46,Delivered
ORD10543,RS010,2024-05-24,Home & Kitchen,1089.47,Delivered
ORD10544,RS011,2024-05-25,Home & Kitchen,1089.47,Delivered
ORD10545,RS017,2024-05-21,Home & Kitchen,1089.47,Delivered
ORD10546,RS017,2024-05-07,Home & Kitchen,1089.47,Cancelled
ORD10547,RS012,2024-05-12,Home & Kitchen,1089.47,Delivered
ORD10548,RS021,2024-05-27,Home & Kitchen,1089.47,Delivered
ORD10549,RS004,2024-05-05,Home & Kitchen,1089.47,Delivered
ORD10550,RS006,2024-05-20,Home & Kitchen,1089.47,Delivered
ORD10551,RS021,2024-05-03,Home & Kitchen,1089.47,Delivered
ORD10552,RS021,2024-05-16,Home & Kitchen,1089.47,Delivered
ORD10553,RS019,2024-05-25,Home & Kitchen,1089.47,Delivered
ORD10554,RS022,2024-05-30,Home & Kitchen,1089.47,Cancelled
ORD10555,RS021,2024-05-21,Home & Kitchen,1089.47,Returned
ORD10556,RS011,2024-05-28,Home & Kitchen,1089.47,Returned
ORD10557,RS011,2024-05-05,Home & Kitchen,1089.47,Delivered
ORD10558,RS016,2024-05-15,Home & Kitchen,1089.47,Delivered
ORD10559,RS009,2024-05-19,Home & Kitchen,1089.47,Delivered
ORD10560,RS017,2024-05-03,Home & Kitchen,1089.47,Delivered
ORD10561,RS015,2024-05-02,Home & Kitchen,1089.47,Delivered
ORD10562,RS010,2024-05-03,Home & Kitchen,1089.47,Delivered
ORD10563,RS003,2024-05-20,Home & Kitchen,1089.47,Delivered
ORD10564,RS013,2024-05-15,Home & Kitchen,1089.47,Delivered
ORD10565,RS002,2024-05-15,Home & Kitchen,1089.47,Cancelled
ORD10566,RS019,2024-05-21,Home & Kitchen,1089.47,Delivered
ORD10567,RS020,2024-05-16,Home & Kitchen,1089.47,Delivered
ORD10568,RS002,2024-05-15,Home & Kitchen,1089.47,Delivered
ORD10569,RS011,2024-05-23,Home & Kitchen,1089.47,Delivered
ORD10570,RS021,2024-05-06,Home & Kitchen,1089.47,Delivered
ORD10571,RS023,2024-05-15,Home & Kitchen,1089.47,Returned
ORD10572,RS017,2024-05-17,Home & Kitchen,1089.47,Delivered
ORD10573,RS012,2024-05-12,Home & Kitchen,1089.47,Cancelled
ORD10574,RS013,2024-05-14,Home & Kitchen,1089.47,Delivered
ORD10575,RS022,2024-05-20,Home & Kitchen,1089.47,Delivered
ORD10576,RS021,2024-05-21,Home & Kitchen,1089.47,Delivered
ORD10577,RS011,2024-05-04,Home & Kitchen,1089.47,Delivered
ORD10578,RS013,2024-05-10,Home & Kitchen,1089.47,Delivered
ORD10579,RS022,2024-05-31,Home & Kitchen,1089.47,Cancelled
ORD10580,RS005,2024-05-11,Home & Kitchen,1089.47,Delivered
ORD10581,RS022,2024-05-05,Home & Kitchen,1089.47,Cancelled
ORD10582,RS010,2024-05-31,Home & Kitchen,1089.47,Delivered
ORD10583,RS022,2024-05-13,Home & Kitchen,1089.47,Delivered
ORD10584,RS023,2024-05-31,Home & Kitchen,1089.47,Delivered
ORD10585,RS018,2024-05-13,Home & Kitchen,1089.47,Delivered
ORD10586,RS011,2024-05-27,Home & Kitchen,1089.47,Delivered
ORD10587,RS023,2024-05-27,Home & Kitchen,1089.47,Cancelled
ORD10588,RS022,2024-05-30,Home & Kitchen,1089.47,Delivered
ORD10589,RS021,2024-05-22,Home & Kitchen,1089.47,Delivered
ORD10590,RS012,2024-05-01,Home & Kitchen,1089.47,Delivered
ORD10591,RS006,2024-05-31,Home & Kitchen,1089.47,Delivered
ORD10592,RS016,2024-05-07,Home & Kitchen,1089.47,Delivered
ORD10593,RS005,2024-05-05,Home & Kitchen,1089.47,Delivered
ORD10594,RS004,2024-05-17,Home & Kitchen,1089.47,Delivered
ORD10595,RS017,2024-05-02,Home & Kitchen,1089.47,Delivered
ORD10596,RS020,2024-05-05,Home & Kitchen,1089.47,Delivered
ORD10597,RS005,2024-05-06,Home & Kitchen,1089.47,Delivered
ORD10598,RS023,2024-05-25,Home & Kitchen,1089.47,Delivered
ORD10599,RS006,2024-05-24,Home & Kitchen,1089.68,Delivered
ORD10600,RS014,2024-06-12,Ethnic Wear,1697.23,Delivered
ORD10601,RS022,2024-06-24,Ethnic Wear,1697.23,Delivered
ORD10602,RS008,2024-06-15,Ethnic Wear,1697.23,Delivered
ORD10603,RS020,2024-06-10,Ethnic Wear,1697.23,Delivered
ORD10604,RS015,2024-06-08,Ethnic Wear,1697.23,Delivered
ORD10605,RS018,2024-06-08,Ethnic Wear,1697.23,Delivered
ORD10606,RS010,2024-06-26,Ethnic Wear,1697.23,Delivered
ORD10607,RS016,2024-06-29,Ethnic Wear,1697.23,Delivered
ORD10608,RS007,2024-06-12,Ethnic Wear,1697.23,Delivered
ORD10609,RS022,2024-06-19,Ethnic Wear,1697.23,Delivered
ORD10610,RS015,2024-06-15,Ethnic Wear,1697.23,Delivered
ORD10611,RS010,2024-06-25,Ethnic Wear,1697.23,Delivered
ORD10612,RS013,2024-06-17,Ethnic Wear,1697.23,Delivered
ORD10613,RS017,2024-06-14,Ethnic Wear,1697.23,Delivered
ORD10614,RS006,2024-06-27,Ethnic Wear,1697.23,Delivered
ORD10615,RS007,2024-06-26,Ethnic Wear,1697.23,Delivered
ORD10616,RS020,2024-06-05,Ethnic Wear,1697.23,Delivered
ORD10617,RS009,2024-06-02,Ethnic Wear,1697.23,Delivered
ORD10618,RS021,2024-06-16,Ethnic Wear,1697.23,Delivered
ORD10619,RS012,2024-06-18,Ethnic Wear,1697.23,Delivered
ORD10620,RS004,2024-06-23,Ethnic Wear,1697.23,Delivered
ORD10621,RS017,2024-06-28,Ethnic Wear,1697.23,Delivered
ORD10622,RS004,2024-06-10,Ethnic Wear,1697.23,Delivered
ORD10623,RS003,2024-06-25,Ethnic Wear,1697.23,Delivered
ORD10624,RS006,2024-06-09,Ethnic Wear,1697.23,Delivered
ORD10625,RS015,2024-06-29,Ethnic Wear,1697.23,Delivered
ORD10626,RS017,2024-06-05,Ethnic Wear,1697.23,Delivered
ORD10627,RS014,2024-06-03,Ethnic Wear,1697.23,Delivered
ORD10628,RS008,2024-06-27,Ethnic Wear,1697.23,Delivered
ORD10629,RS015,2024-06-29,Ethnic Wear,1697.23,Delivered
ORD10630,RS012,2024-06-30,Ethnic Wear,1697.23,Delivered
ORD10631,RS001,2024-06-14,Ethnic Wear,1697.23,Delivered
ORD10632,RS002,2024-06-13,Ethnic Wear,1697.23,Delivered
ORD10633,RS017,2024-06-12,Ethnic Wear,1697.23,Delivered
ORD10634,RS008,2024-06-13,Ethnic Wear,1697.23,Delivered
ORD10635,RS003,2024-06-12,Ethnic Wear,1697.23,Delivered
ORD10636,RS008,2024-06-01,Ethnic Wear,1697.23,Delivered
ORD10637,RS011,2024-06-30,Ethnic Wear,1697.23,Delivered
ORD10638,RS004,2024-06-27,Ethnic Wear,1697.23,Delivered
ORD10639,RS023,2024-06-21,Ethnic Wear,1697.23,Delivered
ORD10640,RS011,2024-06-26,Ethnic Wear,1697.23,Delivered
ORD10641,RS005,2024-06-05,Ethnic Wear,1697.23,Cancelled
ORD10642,RS002,2024-06-10,Ethnic Wear,1697.23,Cancelled
ORD10643,RS016,2024-06-23,Ethnic Wear,1697.23,Cancelled
ORD10644,RS005,2024-06-25,Ethnic Wear,1697.28,Cancelled
ORD10645,RS023,2024-06-16,Western Wear,1432.69,Delivered
ORD10646,RS015,2024-06-20,Western Wear,1432.69,Delivered
ORD10647,RS001,2024-06-29,Western Wear,1432.69,Delivered
ORD10648,RS003,2024-06-01,Western Wear,1432.69,Delivered
ORD10649,RS009,2024-06-07,Western Wear,1432.69,Delivered
ORD10650,RS005,2024-06-18,Western Wear,1432.69,Delivered
ORD10651,RS020,2024-06-17,Western Wear,1432.69,Delivered
ORD10652,RS014,2024-06-04,Western Wear,1432.69,Delivered
ORD10653,RS010,2024-06-08,Western Wear,1432.69,Delivered
ORD10654,RS010,2024-06-04,Western Wear,1432.69,Delivered
ORD10655,RS002,2024-06-08,Western Wear,1432.69,Delivered
ORD10656,RS014,2024-06-21,Western Wear,1432.69,Delivered
ORD10657,RS020,2024-06-15,Western Wear,1432.69,Delivered
ORD10658,RS003,2024-06-04,Western Wear,1432.69,Delivered
ORD10659,RS016,2024-06-20,Western Wear,1432.69,Delivered
ORD10660,RS018,2024-06-01,Western Wear,1432.69,Delivered
ORD10661,RS021,2024-06-17,Western Wear,1432.69,Delivered
ORD10662,RS019,2024-06-08,Western Wear,1432.69,Delivered
ORD10663,RS023,2024-06-05,Western Wear,1432.69,Delivered
ORD10664,RS010,2024-06-14,Western Wear,1432.69,Delivered
ORD10665,RS001,2024-06-20,Western Wear,1432.69,Delivered
ORD10666,RS012,2024-06-08,Western Wear,1432.69,Delivered
ORD10667,RS019,2024-06-14,Western Wear,1432.69,Delivered
ORD10668,RS006,2024-06-22,Western Wear,1432.69,Delivered
ORD10669,RS022,2024-06-03,Western Wear,1432.69,Delivered
ORD10670,RS017,2024-06-12,Western Wear,1432.69,Delivered
ORD10671,RS003,2024-06-17,Western Wear,1432.69,Delivered
ORD10672,RS018,2024-06-17,Western Wear,1432.69,Delivered
ORD10673,RS017,2024-06-18,Western Wear,1432.69,Delivered
ORD10674,RS001,2024-06-13,Western Wear,1432.69,Delivered
ORD10675,RS016,2024-06-02,Western Wear,1432.69,Delivered
ORD10676,RS021,2024-06-13,Western Wear,1432.69,Delivered
ORD10677,RS012,2024-06-09,Western Wear,1432.69,Delivered
ORD10678,RS001,2024-06-12,Western Wear,1432.69,Delivered
ORD10679,RS003,2024-06-12,Western Wear,1432.69,Delivered
ORD10680,RS008,2024-06-24,Western Wear,1432.69,Delivered
ORD10681,RS022,2024-06-21,Western Wear,1432.69,Delivered
ORD10682,RS004,2024-06-25,Western Wear,1432.69,Delivered
ORD10683,RS019,2024-06-24,Western Wear,1432.69,Delivered
ORD10684,RS011,2024-06-05,Western Wear,1432.69,Delivered
ORD10685,RS002,2024-06-12,Western Wear,1432.69,Delivered
ORD10686,RS018,2024-06-11,Western Wear,1432.69,Delivered
ORD10687,RS021,2024-06-06,Western Wear,1432.69,Delivered
ORD10688,RS022,2024-06-15,Western Wear,1432.69,Delivered
ORD10689,RS023,2024-06-16,Western Wear,1432.69,Delivered
ORD10690,RS021,2024-06-06,Western Wear,1432.69,Delivered
ORD10691,RS005,2024-06-03,Western Wear,1432.69,Delivered
ORD10692,RS023,2024-06-25,Western Wear,1432.69,Delivered
ORD10693,RS015,2024-06-02,Western Wear,1432.69,Cancelled
ORD10694,RS010,2024-06-07,Western Wear,1432.69,Cancelled
ORD10695,RS002,2024-06-26,Western Wear,1432.69,Cancelled
ORD10696,RS007,2024-06-29,Western Wear,1432.81,Cancelled
ORD10697,RS002,2024-06-11,Kids Wear,1348.01,Delivered
ORD10698,RS010,2024-06-17,Kids Wear,1348.01,Delivered
ORD10699,RS013,2024-06-27,Kids Wear,1348.01,Delivered
ORD10700,RS018,2024-06-16,Kids Wear,1348.01,Delivered
ORD10701,RS009,2024-06-02,Kids Wear,1348.01,Delivered
ORD10702,RS021,2024-06-07,Kids Wear,1348.01,Delivered
ORD10703,RS010,2024-06-12,Kids Wear,1348.01,Delivered
ORD10704,RS002,2024-06-28,Kids Wear,1348.01,Delivered
ORD10705,RS021,2024-06-11,Kids Wear,1348.01,Delivered
ORD10706,RS009,2024-06-04,Kids Wear,1348.01,Delivered
ORD10707,RS012,2024-06-14,Kids Wear,1348.01,Delivered
ORD10708,RS013,2024-06-24,Kids Wear,1348.01,Delivered
ORD10709,RS015,2024-06-29,Kids Wear,1348.01,Delivered
ORD10710,RS013,2024-06-11,Kids Wear,1348.01,Delivered
ORD10711,RS006,2024-06-16,Kids Wear,1348.01,Delivered
ORD10712,RS023,2024-06-16,Kids Wear,1348.01,Delivered
ORD10713,RS012,2024-06-30,Kids Wear,1348.01,Delivered
ORD10714,RS017,2024-06-09,Kids Wear,1348.01,Delivered
ORD10715,RS003,2024-06-24,Kids Wear,1348.01,Delivered
ORD10716,RS014,2024-06-03,Kids Wear,1348.01,Delivered
ORD10717,RS014,2024-06-20,Kids Wear,1348.01,Delivered
ORD10718,RS006,2024-06-18,Kids Wear,1348.01,Delivered
ORD10719,RS010,2024-06-11,Kids Wear,1348.01,Delivered
ORD10720,RS004,2024-06-03,Kids Wear,1348.01,Delivered
ORD10721,RS011,2024-06-22,Kids Wear,1348.01,Delivered
ORD10722,RS010,2024-06-10,Kids Wear,1348.01,Delivered
ORD10723,RS015,2024-06-20,Kids Wear,1348.01,Delivered
ORD10724,RS023,2024-06-14,Kids Wear,1348.01,Delivered
ORD10725,RS006,2024-06-23,Kids Wear,1348.01,Delivered
ORD10726,RS015,2024-06-12,Kids Wear,1348.01,Delivered
ORD10727,RS015,2024-06-02,Kids Wear,1348.01,Delivered
ORD10728,RS012,2024-06-20,Kids Wear,1348.01,Delivered
ORD10729,RS014,2024-06-09,Kids Wear,1348.01,Delivered
ORD10730,RS021,2024-06-26,Kids Wear,1348.01,Delivered
ORD10731,RS002,2024-06-03,Kids Wear,1348.01,Delivered
ORD10732,RS022,2024-06-21,Kids Wear,1348.01,Delivered
ORD10733,RS013,2024-06-12,Kids Wear,1348.01,Delivered
ORD10734,RS017,2024-06-26,Kids Wear,1348.01,Delivered
ORD10735,RS022,2024-06-06,Kids Wear,1348.01,Delivered
ORD10736,RS001,2024-06-05,Kids Wear,1348.01,Delivered
ORD10737,RS020,2024-06-22,Kids Wear,1348.01,Delivered
ORD10738,RS015,2024-06-02,Kids Wear,1348.01,Delivered
ORD10739,RS005,2024-06-03,Kids Wear,1348.01,Delivered
ORD10740,RS008,2024-06-25,Kids Wear,1348.01,Delivered
ORD10741,RS021,2024-06-12,Kids Wear,1348.01,Delivered
ORD10742,RS012,2024-06-13,Kids Wear,1348.01,Delivered
ORD10743,RS019,2024-06-02,Kids Wear,1348.01,Delivered
ORD10744,RS020,2024-06-05,Kids Wear,1348.01,Delivered
ORD10745,RS022,2024-06-15,Kids Wear,1348.01,Delivered
ORD10746,RS012,2024-06-12,Kids Wear,1348.01,Delivered
ORD10747,RS015,2024-06-25,Kids Wear,1348.01,Cancelled
ORD10748,RS003,2024-06-19,Kids Wear,1348.01,Cancelled
ORD10749,RS005,2024-06-17,Kids Wear,1348.01,Cancelled
ORD10750,RS012,2024-06-13,Kids Wear,1348.01,Cancelled
ORD10751,RS011,2024-06-21,Kids Wear,1347.96,Cancelled
ORD10752,RS009,2024-06-08,Beauty & Personal Care,722.29,Delivered
ORD10753,RS004,2024-06-01,Beauty & Personal Care,722.29,Delivered
ORD10754,RS006,2024-06-16,Beauty & Personal Care,722.29,Delivered
ORD10755,RS017,2024-06-13,Beauty & Personal Care,722.29,Delivered
ORD10756,RS018,2024-06-04,Beauty & Personal Care,722.29,Delivered
ORD10757,RS009,2024-06-25,Beauty & Personal Care,722.29,Delivered
ORD10758,RS009,2024-06-23,Beauty & Personal Care,722.29,Delivered
ORD10759,RS015,2024-06-07,Beauty & Personal Care,722.29,Delivered
ORD10760,RS020,2024-06-10,Beauty & Personal Care,722.29,Delivered
ORD10761,RS023,2024-06-30,Beauty & Personal Care,722.29,Delivered
ORD10762,RS016,2024-06-07,Beauty & Personal Care,722.29,Delivered
ORD10763,RS004,2024-06-05,Beauty & Personal Care,722.29,Delivered
ORD10764,RS003,2024-06-15,Beauty & Personal Care,722.29,Delivered
ORD10765,RS006,2024-06-29,Beauty & Personal Care,722.29,Delivered
ORD10766,RS023,2024-06-15,Beauty & Personal Care,722.29,Delivered
ORD10767,RS003,2024-06-26,Beauty & Personal Care,722.29,Delivered
ORD10768,RS022,2024-06-28,Beauty & Personal Care,722.29,Delivered
ORD10769,RS011,2024-06-22,Beauty & Personal Care,722.29,Delivered
ORD10770,RS012,2024-06-23,Beauty & Personal Care,722.29,Delivered
ORD10771,RS003,2024-06-18,Beauty & Personal Care,722.29,Delivered
ORD10772,RS018,2024-06-10,Beauty & Personal Care,722.29,Delivered
ORD10773,RS010,2024-06-28,Beauty & Personal Care,722.29,Delivered
ORD10774,RS006,2024-06-23,Beauty & Personal Care,722.29,Delivered
ORD10775,RS023,2024-06-30,Beauty & Personal Care,722.29,Delivered
ORD10776,RS023,2024-06-21,Beauty & Personal Care,722.29,Delivered
ORD10777,RS006,2024-06-26,Beauty & Personal Care,722.29,Delivered
ORD10778,RS012,2024-06-17,Beauty & Personal Care,722.29,Delivered
ORD10779,RS008,2024-06-04,Beauty & Personal Care,722.29,Delivered
ORD10780,RS007,2024-06-26,Beauty & Personal Care,722.29,Delivered
ORD10781,RS005,2024-06-08,Beauty & Personal Care,722.29,Delivered
ORD10782,RS016,2024-06-01,Beauty & Personal Care,722.29,Delivered
ORD10783,RS012,2024-06-18,Beauty & Personal Care,722.29,Delivered
ORD10784,RS019,2024-06-12,Beauty & Personal Care,722.29,Delivered
ORD10785,RS015,2024-06-26,Beauty & Personal Care,722.29,Delivered
ORD10786,RS018,2024-06-05,Beauty & Personal Care,722.29,Delivered
ORD10787,RS020,2024-06-29,Beauty & Personal Care,722.29,Delivered
ORD10788,RS003,2024-06-03,Beauty & Personal Care,722.29,Delivered
ORD10789,RS010,2024-06-13,Beauty & Personal Care,722.29,Delivered
ORD10790,RS023,2024-06-24,Beauty & Personal Care,722.29,Delivered
ORD10791,RS016,2024-06-17,Beauty & Personal Care,722.29,Delivered
ORD10792,RS014,2024-06-25,Beauty & Personal Care,722.29,Delivered
ORD10793,RS014,2024-06-27,Beauty & Personal Care,722.29,Delivered
ORD10794,RS019,2024-06-03,Beauty & Personal Care,722.29,Delivered
ORD10795,RS005,2024-06-11,Beauty & Personal Care,722.29,Delivered
ORD10796,RS021,2024-06-03,Beauty & Personal Care,722.29,Delivered
ORD10797,RS015,2024-06-15,Beauty & Personal Care,722.29,Delivered
ORD10798,RS022,2024-06-17,Beauty & Personal Care,722.29,Delivered
ORD10799,RS012,2024-06-05,Beauty & Personal Care,722.29,Delivered
ORD10800,RS018,2024-06-21,Beauty & Personal Care,722.29,Cancelled
ORD10801,RS019,2024-06-06,Beauty & Personal Care,722.29,Cancelled
ORD10802,RS005,2024-06-14,Beauty & Personal Care,722.29,Cancelled
ORD10803,RS017,2024-06-30,Beauty & Personal Care,722.28,Cancelled
ORD10804,RS002,2024-06-27,Home & Kitchen,922.38,Delivered
ORD10805,RS004,2024-06-17,Home & Kitchen,922.38,Delivered
ORD10806,RS005,2024-06-10,Home & Kitchen,922.38,Delivered
ORD10807,RS006,2024-06-06,Home & Kitchen,922.38,Delivered
ORD10808,RS011,2024-06-30,Home & Kitchen,922.38,Delivered
ORD10809,RS023,2024-06-08,Home & Kitchen,922.38,Delivered
ORD10810,RS012,2024-06-17,Home & Kitchen,922.38,Delivered
ORD10811,RS010,2024-06-28,Home & Kitchen,922.38,Delivered
ORD10812,RS003,2024-06-09,Home & Kitchen,922.38,Delivered
ORD10813,RS007,2024-06-21,Home & Kitchen,922.38,Delivered
ORD10814,RS018,2024-06-09,Home & Kitchen,922.38,Delivered
ORD10815,RS005,2024-06-21,Home & Kitchen,922.38,Delivered
ORD10816,RS010,2024-06-20,Home & Kitchen,922.38,Delivered
ORD10817,RS018,2024-06-03,Home & Kitchen,922.38,Delivered
ORD10818,RS017,2024-06-21,Home & Kitchen,922.38,Delivered
ORD10819,RS006,2024-06-19,Home & Kitchen,922.38,Delivered
ORD10820,RS019,2024-06-05,Home & Kitchen,922.38,Delivered
ORD10821,RS006,2024-06-22,Home & Kitchen,922.38,Delivered
ORD10822,RS020,2024-06-24,Home & Kitchen,922.38,Delivered
ORD10823,RS020,2024-06-11,Home & Kitchen,922.38,Delivered
ORD10824,RS019,2024-06-02,Home & Kitchen,922.38,Delivered
ORD10825,RS001,2024-06-03,Home & Kitchen,922.38,Delivered
ORD10826,RS002,2024-06-21,Home & Kitchen,922.38,Delivered
ORD10827,RS019,2024-06-09,Home & Kitchen,922.38,Delivered
ORD10828,RS021,2024-06-07,Home & Kitchen,922.38,Delivered
ORD10829,RS019,2024-06-14,Home & Kitchen,922.38,Delivered
ORD10830,RS020,2024-06-21,Home & Kitchen,922.38,Delivered
ORD10831,RS001,2024-06-16,Home & Kitchen,922.38,Delivered
ORD10832,RS021,2024-06-18,Home & Kitchen,922.38,Delivered
ORD10833,RS010,2024-06-21,Home & Kitchen,922.38,Delivered
ORD10834,RS010,2024-06-16,Home & Kitchen,922.38,Delivered
ORD10835,RS008,2024-06-26,Home & Kitchen,922.38,Delivered
ORD10836,RS022,2024-06-13,Home & Kitchen,922.38,Delivered
ORD10837,RS010,2024-06-15,Home & Kitchen,922.38,Delivered
ORD10838,RS003,2024-06-23,Home & Kitchen,922.38,Delivered
ORD10839,RS002,2024-06-06,Home & Kitchen,922.38,Delivered
ORD10840,RS015,2024-06-14,Home & Kitchen,922.38,Delivered
ORD10841,RS016,2024-06-15,Home & Kitchen,922.38,Delivered
ORD10842,RS007,2024-06-11,Home & Kitchen,922.38,Delivered
ORD10843,RS020,2024-06-05,Home & Kitchen,922.38,Delivered
ORD10844,RS011,2024-06-28,Home & Kitchen,922.38,Delivered
ORD10845,RS023,2024-06-11,Home & Kitchen,922.38,Delivered
ORD10846,RS012,2024-06-13,Home & Kitchen,922.38,Delivered
ORD10847,RS005,2024-06-25,Home & Kitchen,922.38,Delivered
ORD10848,RS012,2024-06-17,Home & Kitchen,922.38,Delivered
ORD10849,RS018,2024-06-04,Home & Kitchen,922.38,Delivered
ORD10850,RS011,2024-06-08,Home & Kitchen,922.38,Delivered
ORD10851,RS015,2024-06-04,Home & Kitchen,922.38,Delivered
ORD10852,RS009,2024-06-15,Home & Kitchen,922.38,Delivered
ORD10853,RS008,2024-06-05,Home & Kitchen,922.38,Delivered
ORD10854,RS004,2024-06-02,Home & Kitchen,922.38,Delivered
ORD10855,RS010,2024-06-13,Home & Kitchen,922.38,Delivered
ORD10856,RS020,2024-06-14,Home & Kitchen,922.38,Delivered
ORD10857,RS008,2024-06-28,Home & Kitchen,922.38,Delivered
ORD10858,RS006,2024-06-27,Home & Kitchen,922.38,Delivered
ORD10859,RS011,2024-06-30,Home & Kitchen,922.38,Delivered
ORD10860,RS019,2024-06-24,Home & Kitchen,922.38,Delivered
ORD10861,RS011,2024-06-07,Home & Kitchen,922.38,Delivered
ORD10862,RS006,2024-06-16,Home & Kitchen,922.38,Delivered
ORD10863,RS017,2024-06-15,Home & Kitchen,922.38,Delivered
ORD10864,RS016,2024-06-29,Home & Kitchen,922.38,Delivered
ORD10865,RS010,2024-06-16,Home & Kitchen,922.38,Delivered
ORD10866,RS001,2024-06-03,Home & Kitchen,922.38,Delivered
ORD10867,RS013,2024-06-17,Home & Kitchen,922.38,Delivered
ORD10868,RS015,2024-06-08,Home & Kitchen,922.38,Delivered
ORD10869,RS007,2024-06-19,Home & Kitchen,922.38,Delivered
ORD10870,RS012,2024-06-02,Home & Kitchen,922.38,Delivered
ORD10871,RS002,2024-06-10,Home & Kitchen,922.38,Delivered
ORD10872,RS016,2024-06-20,Home & Kitchen,922.38,Delivered
ORD10873,RS021,2024-06-22,Home & Kitchen,922.38,Delivered
ORD10874,RS016,2024-06-10,Home & Kitchen,922.38,Delivered
ORD10875,RS018,2024-06-01,Home & Kitchen,922.38,Delivered
ORD10876,RS004,2024-06-14,Home & Kitchen,922.38,Delivered
ORD10877,RS005,2024-06-29,Home & Kitchen,922.38,Delivered
ORD10878,RS009,2024-06-24,Home & Kitchen,922.38,Delivered
ORD10879,RS012,2024-06-25,Home & Kitchen,922.38,Delivered
ORD10880,RS013,2024-06-12,Home & Kitchen,922.38,Delivered
ORD10881,RS002,2024-06-13,Home & Kitchen,922.38,Delivered
ORD10882,RS002,2024-06-19,Home & Kitchen,922.38,Delivered
ORD10883,RS018,2024-06-07,Home & Kitchen,922.38,Delivered
ORD10884,RS012,2024-06-18,Home & Kitchen,922.38,Delivered
ORD10885,RS010,2024-06-03,Home & Kitchen,922.38,Delivered
ORD10886,RS013,2024-06-17,Home & Kitchen,922.38,Delivered
ORD10887,RS015,2024-06-25,Home & Kitchen,922.38,Delivered
ORD10888,RS018,2024-06-09,Home & Kitchen,922.38,Delivered
ORD10889,RS020,2024-06-22,Home & Kitchen,922.38,Delivered
ORD10890,RS020,2024-06-04,Home & Kitchen,922.38,Delivered
ORD10891,RS005,2024-06-04,Home & Kitchen,27941.72,Delivered
ORD10892,RS013,2024-06-12,Home & Kitchen,922.38,Cancelled
ORD10893,RS011,2024-06-18,Home & Kitchen,922.38,Cancelled
ORD10894,RS012,2024-06-25,Home & Kitchen,922.38,Cancelled
ORD10895,RS005,2024-06-07,Home & Kitchen,922.38,Cancelled
ORD10896,RS020,2024-06-17,Home & Kitchen,922.38,Cancelled
ORD10897,RS013,2024-06-17,Home & Kitchen,922.38,Cancelled
ORD10898,RS002,2024-06-02,Home & Kitchen,922.38,Cancelled
ORD10899,RS002,2024-06-05,Home & Kitchen,922.29,Cancelled
